<kmodule xmlns:xsi="http://www.w3.org/2001/XMLSchema-instance" xmlns="http://jboss.org/kie/6.0.0/kmodule">
    <kbase name="rules" packages="com.ftn">
		<ksession name="k-session"/>
	</kbase>
	<kbase name="ruless" packages="rules">
        <ksession name="ksession-rules"/>
    </kbase>
    <kbase name="agendaGroup" packages="rules2">
        <ksession name="agendaRules"/>
    </kbase>
    
    <kbase name="declared" packages="declaredTypes">
        <ksession name="declared-types"/>
    </kbase>
    
    <kbase name="propertyreactive" packages="propertyReactive">
        <ksession name="propertyReactiveKsession"/>
    </kbase>
    
    <kbase name="collectKBase" packages="collectRules">
        <ksession name="collectKsession"/>
    </kbase>
    
    <kbase name="accumulateKBase" packages="accumRules">
        <ksession name="accumKsession"/>
    </kbase>
    
    <kbase name="condKBase" packages="conditionalElements">
        <ksession name="condElemsKsession"/>
    </kbase>
    
    <kbase name="traitsKBase" packages="traits">
        <ksession name="traitsKsession"/>
    </kbase>
    
    <kbase name="debuggKBase" packages="matchCanceled">
        <ksession name="matchCancelledKsession"/>
    </kbase>
    
</kmodule>